id,name,count
1001,autauga,false
1003,baldwin,false
1005,barbour,false
1007,bibb,false
1009,blount,2
1011,bullock,false
1013,butler,false
1015,calhoun,4
1017,chambers,false
1019,cherokee,false
1021,chilton,false
1023,choctaw,false
1025,clarke,false
1027,clay,false
1029,cleburne,false
1031,coffee,false
1033,colbert,1
1035,conecuh,false
1037,coosa,false
1039,covington,false
1041,crenshaw,false
1043,cullman,1
1045,dale,1
1047,dallas,false
1049,dekalb,false
1051,elmore,false
1053,escambia,1
1055,etowah,1
1057,fayette,false
1059,franklin,false
1061,geneva,false
1063,greene,false
1065,hale,false
1067,henry,1
1069,houston,1
1071,jackson,false
1073,jefferson,10
1075,lamar,false
1077,lauderdale,false
1079,lawrence,false
1081,lee,2
1083,limestone,1
1085,lowndes,false
1087,macon,false
1089,madison,4
1091,marengo,false
1093,marion,false
1095,marshall,false
1097,mobile,10
1099,monroe,2
1101,montgomery,2
1103,morgan,false
1105,perry,false
1107,pickens,false
1109,pike,1
1111,randolph,false
1113,russell,false
1117,shelby,2
1115,st. clair,1
1119,sumter,false
1121,talladega,2
1123,tallapoosa,false
1125,tuscaloosa,3
1127,walker,false
1129,washington,false
1131,wilcox,false
1133,winston,false
2013,aleutians east,false
2060,bristol bay,false
2068,denali,false
2090,fairbanks north star,false
2100,haines,false
2122,kenai peninsula,false
2130,ketchikan gateway,false
2150,kodiak island,false
2164,lake and peninsula,false
2170,matanuska-susitna,false
2185,north slope,false
2188,northwest arctic,false
4001,apache,false
4003,cochise,2
4005,coconino,3
4007,gila,false
4009,graham,false
4011,greenlee,false
4012,la paz,false
4013,maricopa,11
4015,mohave,1
4017,navajo,false
4019,pima,12
4021,pinal,3
4023,santa cruz,false
4025,yavapai,3
4027,yuma,1
5001,arkansas,1
5003,ashley,1
5005,baxter,false
5007,benton,3
5009,boone,false
5011,bradley,false
5013,calhoun,false
5015,carroll,false
5017,chicot,false
5019,clark,false
5021,clay,false
5023,cleburne,false
5025,cleveland,false
5027,columbia,false
5029,conway,1
5031,craighead,false
5033,crawford,1
5035,crittenden,false
5037,cross,false
5039,dallas,false
5041,desha,false
5043,drew,false
5045,faulkner,false
5047,franklin,false
5049,fulton,false
5051,garland,false
5053,grant,false
5055,greene,false
5057,hempstead,false
5059,hot spring,1
5061,howard,false
5063,independence,false
5065,izard,false
5067,jackson,false
5069,jefferson,1
5071,johnson,1
5073,lafayette,false
5075,lawrence,false
5077,lee,false
5079,lincoln,1
5081,little river,false
5083,logan,2
5085,lonoke,false
5087,madison,false
5089,marion,false
5091,miller,1
5093,mississippi,false
5095,monroe,false
5097,montgomery,1
5099,nevada,1
5101,newton,false
5103,ouachita,false
5105,perry,false
5107,phillips,false
5109,pike,false
5111,poinsett,false
5113,polk,false
5115,pope,1
5117,prairie,false
5119,pulaski,4
5121,randolph,false
5125,saline,1
5127,scott,false
5129,searcy,false
5131,sebastian,3
5133,sevier,false
5135,sharp,false
5123,st. francis,false
5137,stone,false
5139,union,false
5141,van buren,1
5143,washington,false
5145,white,1
5147,woodruff,false
5149,yell,false
6001,alameda,1
6003,alpine,false
6005,amador,false
6007,butte,false
6009,calaveras,false
6011,colusa,false
6013,contra costa,false
6015,del norte,false
6017,el dorado,false
6019,fresno,false
6021,glenn,1
6023,humboldt,false
6025,imperial,false
6027,inyo,false
6029,kern,false
6031,kings,false
6033,lake,false
6035,lassen,false
6037,los angeles,2
6039,madera,false
6041,marin,false
6043,mariposa,false
6045,mendocino,false
6047,merced,1
6049,modoc,false
6051,mono,false
6053,monterey,false
6055,napa,false
6057,nevada,false
6059,orange,2
6061,placer,false
6063,plumas,false
6065,riverside,false
6067,sacramento,1
6069,san benito,false
6071,san bernardino,1
6073,san diego,1
6077,san joaquin,false
6079,san luis obispo,false
6081,san mateo,1
6083,santa barbara,false
6085,santa clara,false
6087,santa cruz,false
6089,shasta,false
6091,sierra,false
6093,siskiyou,false
6095,solano,false
6097,sonoma,false
6099,stanislaus,false
6101,sutter,false
6103,tehama,false
6105,trinity,false
6107,tulare,false
6109,tuolumne,false
6111,ventura,false
6113,yolo,1
6115,yuba,false
8001,adams,1
8003,alamosa,false
8005,arapahoe,false
8007,archuleta,false
8009,baca,false
8011,bent,false
8013,boulder,false
8015,chaffee,false
8017,cheyenne,false
8019,clear creek,false
8021,conejos,false
8023,costilla,false
8025,crowley,false
8027,custer,false
8029,delta,false
8033,dolores,false
8035,douglas,false
8037,eagle,false
8041,el paso,false
8039,elbert,false
8043,fremont,false
8045,garfield,false
8047,gilpin,false
8049,grand,false
8051,gunnison,false
8053,hinsdale,false
8055,huerfano,false
8057,jackson,false
8059,jefferson,false
8061,kiowa,false
8063,kit carson,false
8067,la plata,false
8065,lake,false
8069,larimer,false
8071,las animas,false
8073,lincoln,false
8075,logan,false
8077,mesa,false
8079,mineral,false
8081,moffat,false
8083,montezuma,false
8085,montrose,false
8087,morgan,false
8089,otero,false
8091,ouray,false
8093,park,false
8095,phillips,false
8097,pitkin,false
8099,prowers,false
8101,pueblo,false
8103,rio blanco,false
8105,rio grande,false
8107,routt,false
8109,saguache,false
8111,san juan,false
8113,san miguel,false
8115,sedgwick,false
8117,summit,false
8119,teller,false
8121,washington,false
8123,weld,false
8125,yuma,false
10001,kent,6
10003,new castle,9
10005,sussex,1
12001,alachua,2
12003,baker,false
12005,bay,false
12007,bradford,3
12009,brevard,2
12011,broward,2
12013,calhoun,false
12015,charlotte,false
12017,citrus,false
12019,clay,1
12021,collier,false
12023,columbia,3
12027,desoto,false
12029,dixie,false
12033,escambia,false
12035,flagler,false
12037,franklin,false
12039,gadsden,false
12041,gilchrist,false
12043,glades,false
12045,gulf,false
12047,hamilton,false
12049,hardee,false
12051,hendry,false
12053,hernando,1
12055,highlands,false
12057,hillsborough,4
12059,holmes,false
12061,indian river,false
12063,jackson,false
12065,jefferson,1
12067,lafayette,false
12069,lake,3
12071,lee,1
12073,leon,1
12075,levy,false
12077,liberty,false
12079,madison,1
12081,manatee,1
12083,marion,3
12085,martin,1
12086,miami-dade,12
12087,monroe,1
12089,nassau,false
12091,okaloosa,1
12093,okeechobee,false
12095,orange,8
12097,osceola,2
12099,palm beach,2
12101,pasco,false
12103,pinellas,6
12105,polk,3
12107,putnam,false
12113,santa rosa,2
12115,sarasota,false
12117,seminole,1
12109,st. johns,3
12111,st. lucie,1
12119,sumter,false
12121,suwannee,false
12123,taylor,false
12125,union,false
12127,volusia,4
12129,wakulla,1
12131,walton,false
12133,washington,false
13001,appling,false
13003,atkinson,false
13005,bacon,false
13007,baker,false
13009,baldwin,false
13011,banks,false
13013,barrow,false
13015,bartow,1
13017,ben hill,false
13019,berrien,1
13021,bibb,5
13023,bleckley,1
13025,brantley,false
13027,brooks,1
13029,bryan,false
13031,bulloch,false
13033,burke,false
13035,butts,false
13037,calhoun,false
13039,camden,false
13043,candler,false
13045,carroll,false
13047,catoosa,1
13049,charlton,false
13051,chatham,4
13055,chattooga,false
13057,cherokee,false
13061,clay,false
13063,clayton,false
13065,clinch,false
13067,cobb,4
13069,coffee,false
13071,colquitt,false
13073,columbia,false
13075,cook,false
13077,coweta,false
13079,crawford,false
13081,crisp,false
13083,dade,false
13085,dawson,false
13087,decatur,1
13089,dekalb,1
13091,dodge,false
13093,dooly,false
13095,dougherty,false
13097,douglas,1
13099,early,false
13101,echols,false
13103,effingham,false
13105,elbert,false
13107,emanuel,false
13109,evans,false
13111,fannin,false
13113,fayette,false
13115,floyd,false
13117,forsyth,false
13119,franklin,false
13121,fulton,4
13123,gilmer,false
13125,glascock,false
13127,glynn,1
13129,gordon,false
13131,grady,false
13133,greene,false
13135,gwinnett,false
13137,habersham,false
13139,hall,1
13141,hancock,false
13143,haralson,false
13145,harris,false
13147,hart,false
13149,heard,false
13151,henry,false
13153,houston,1
13155,irwin,false
13157,jackson,false
13159,jasper,false
13161,jeff davis,false
13163,jefferson,false
13165,jenkins,false
13167,johnson,false
13169,jones,1
13171,lamar,false
13173,lanier,false
13175,laurens,1
13177,lee,false
13179,liberty,2
13181,lincoln,false
13183,long,false
13185,lowndes,false
13187,lumpkin,false
13193,macon,false
13195,madison,false
13197,marion,false
13189,mcduffie,false
13191,mcintosh,false
13199,meriwether,false
13201,miller,false
13205,mitchell,false
13207,monroe,2
13209,montgomery,false
13211,morgan,1
13213,murray,false
13217,newton,1
13219,oconee,1
13221,oglethorpe,false
13223,paulding,false
13225,peach,false
13227,pickens,false
13229,pierce,false
13231,pike,false
13233,polk,1
13235,pulaski,false
13237,putnam,1
13241,rabun,false
13243,randolph,false
13247,rockdale,false
13249,schley,false
13251,screven,false
13253,seminole,1
13255,spalding,3
13257,stephens,false
13259,stewart,false
13261,sumter,false
13263,talbot,false
13265,taliaferro,1
13267,tattnall,false
13269,taylor,false
13271,telfair,false
13273,terrell,false
13275,thomas,false
13277,tift,false
13279,toombs,false
13281,towns,false
13283,treutlen,false
13285,troup,false
13287,turner,false
13289,twiggs,false
13291,union,false
13293,upson,false
13295,walker,false
13297,walton,false
13299,ware,false
13301,warren,false
13303,washington,false
13305,wayne,false
13309,wheeler,false
13311,white,false
13313,whitfield,false
13315,wilcox,false
13317,wilkes,false
13319,wilkinson,false
13321,worth,1
15001,hawaii,false
15003,honolulu,false
15007,kauai,false
15009,maui,false
16001,ada,1
16003,adams,false
16005,bannock,false
16007,bear lake,false
16009,benewah,false
16011,bingham,2
16013,blaine,false
16015,boise,false
16017,bonner,false
16019,bonneville,false
16021,boundary,false
16023,butte,false
16025,camas,false
16027,canyon,false
16029,caribou,false
16031,cassia,false
16033,clark,false
16035,clearwater,false
16037,custer,false
16039,elmore,false
16041,franklin,false
16043,fremont,false
16045,gem,false
16047,gooding,false
16049,idaho,false
16051,jefferson,false
16053,jerome,false
16055,kootenai,false
16057,latah,false
16059,lemhi,false
16061,lewis,false
16063,lincoln,false
16065,madison,false
16067,minidoka,false
16069,nez perce,false
16071,oneida,false
16073,owyhee,false
16075,payette,false
16077,power,false
16079,shoshone,false
16081,teton,false
16083,twin falls,false
16085,valley,false
16087,washington,false
17001,adams,false
17003,alexander,false
17005,bond,false
17007,boone,false
17009,brown,false
17011,bureau,false
17013,calhoun,false
17015,carroll,false
17017,cass,false
17019,champaign,false
17021,christian,false
17023,clark,false
17025,clay,false
17027,clinton,false
17029,coles,false
17031,cook,5
17033,crawford,false
17035,cumberland,false
17039,de witt,false
17037,dekalb,false
17041,douglas,false
17043,dupage,2
17045,edgar,false
17047,edwards,false
17049,effingham,false
17051,fayette,false
17053,ford,false
17055,franklin,false
17057,fulton,false
17059,gallatin,false
17061,greene,false
17063,grundy,false
17065,hamilton,false
17067,hancock,false
17069,hardin,false
17071,henderson,false
17073,henry,false
17075,iroquois,false
17077,jackson,false
17079,jasper,false
17081,jefferson,false
17083,jersey,false
17085,jo daviess,false
17087,johnson,false
17089,kane,false
17091,kankakee,false
17093,kendall,false
17095,knox,false
17097,lake,false
17099,lasalle,false
17101,lawrence,false
17103,lee,false
17105,livingston,false
17107,logan,false
17115,macon,false
17117,macoupin,false
17119,madison,1
17121,marion,false
17123,marshall,false
17125,mason,false
17127,massac,false
17109,mcdonough,false
17111,mchenry,1
17113,mclean,false
17129,menard,false
17131,mercer,false
17133,monroe,false
17135,montgomery,false
17137,morgan,false
17139,moultrie,false
17141,ogle,false
17143,peoria,false
17145,perry,false
17147,piatt,false
17149,pike,false
17151,pope,false
17153,pulaski,false
17155,putnam,false
17157,randolph,false
17159,richland,false
17161,rock island,false
17165,saline,false
17167,sangamon,false
17169,schuyler,false
17171,scott,false
17173,shelby,false
17163,st. clair,2
17175,stark,false
17177,stephenson,false
17179,tazewell,false
17181,union,false
17183,vermilion,false
17185,wabash,false
17187,warren,false
17189,washington,false
17191,wayne,false
17193,white,false
17195,whiteside,false
17197,will,false
17199,williamson,false
17201,winnebago,1
17203,woodford,false
18001,adams,false
18003,allen,1
18005,bartholomew,false
18007,benton,false
18009,blackford,false
18011,boone,2
18013,brown,false
18015,carroll,false
18017,cass,false
18019,clark,false
18021,clay,false
18023,clinton,false
18025,crawford,false
18027,daviess,false
18029,dearborn,false
18031,decatur,false
18033,dekalb,false
18035,delaware,2
18037,dubois,false
18039,elkhart,false
18041,fayette,false
18043,floyd,false
18045,fountain,false
18047,franklin,false
18049,fulton,false
18051,gibson,false
18053,grant,false
18055,greene,false
18057,hamilton,false
18059,hancock,false
18061,harrison,false
18063,hendricks,false
18065,henry,false
18067,howard,1
18069,huntington,false
18071,jackson,false
18073,jasper,false
18075,jay,false
18077,jefferson,1
18079,jennings,false
18081,johnson,false
18083,knox,false
18085,kosciusko,false
18087,lagrange,false
18089,lake,2
18091,laporte,false
18093,lawrence,false
18095,madison,1
18099,marshall,false
18101,martin,false
18103,miami,false
18105,monroe,false
18107,montgomery,false
18109,morgan,false
18111,newton,false
18113,noble,false
18115,ohio,false
18117,orange,false
18119,owen,false
18121,parke,false
18123,perry,false
18125,pike,false
18127,porter,false
18129,posey,false
18131,pulaski,false
18133,putnam,false
18135,randolph,false
18137,ripley,false
18139,rush,false
18143,scott,false
18145,shelby,false
18147,spencer,false
18141,st. joseph,false
18149,starke,false
18151,steuben,false
18153,sullivan,1
18155,switzerland,false
18157,tippecanoe,1
18159,tipton,false
18161,union,false
18163,vanderburgh,1
18165,vermillion,false
18167,vigo,2
18169,wabash,false
18171,warren,false
18173,warrick,false
18175,washington,false
18177,wayne,false
18179,wells,false
18181,white,false
18183,whitley,false
19001,adair,false
19003,adams,false
19005,allamakee,false
19007,appanoose,false
19009,audubon,false
19011,benton,false
19013,black hawk,false
19015,boone,false
19017,bremer,false
19019,buchanan,false
19021,buena vista,false
19023,butler,false
19025,calhoun,false
19027,carroll,false
19029,cass,false
19031,cedar,false
19033,cerro gordo,false
19035,cherokee,false
19037,chickasaw,false
19039,clarke,false
19041,clay,false
19043,clayton,false
19045,clinton,false
19047,crawford,false
19049,dallas,false
19051,davis,false
19053,decatur,false
19055,delaware,false
19057,des moines,false
19059,dickinson,false
19061,dubuque,false
19063,emmet,false
19065,fayette,false
19067,floyd,false
19069,franklin,false
19071,fremont,false
19073,greene,false
19075,grundy,false
19077,guthrie,false
19079,hamilton,false
19081,hancock,false
19083,hardin,false
19085,harrison,false
19087,henry,false
19089,howard,false
19091,humboldt,false
19093,ida,false
19095,iowa,false
19097,jackson,false
19099,jasper,false
19101,jefferson,false
19103,johnson,false
19105,jones,false
19107,keokuk,false
19109,kossuth,false
19111,lee,false
19113,linn,false
19115,louisa,false
19117,lucas,false
19119,lyon,false
19121,madison,false
19123,mahaska,false
19125,marion,false
19127,marshall,false
19129,mills,false
19131,mitchell,false
19133,monona,false
19135,monroe,false
19137,montgomery,false
19139,muscatine,false
19141,o'brien,false
19143,osceola,false
19145,page,false
19147,palo alto,false
19149,plymouth,false
19151,pocahontas,false
19153,polk,false
19155,pottawattamie,false
19157,poweshiek,false
19159,ringgold,false
19161,sac,false
19163,scott,false
19165,shelby,false
19167,sioux,false
19169,story,false
19171,tama,false
19173,taylor,false
19175,union,false
19177,van buren,false
19179,wapello,false
19181,warren,false
19183,washington,false
19185,wayne,false
19187,webster,false
19189,winnebago,false
19191,winneshiek,false
19193,woodbury,false
19195,worth,false
19197,wright,false
20001,allen,false
20003,anderson,false
20005,atchison,false
20007,barber,false
20009,barton,false
20011,bourbon,false
20013,brown,false
20015,butler,false
20017,chase,false
20019,chautauqua,false
20021,cherokee,false
20023,cheyenne,false
20025,clark,false
20027,clay,false
20029,cloud,false
20031,coffey,false
20033,comanche,false
20035,cowley,false
20037,crawford,false
20039,decatur,false
20041,dickinson,false
20043,doniphan,false
20045,douglas,false
20047,edwards,false
20049,elk,false
20051,ellis,false
20053,ellsworth,false
20055,finney,false
20057,ford,false
20059,franklin,false
20061,geary,false
20063,gove,false
20065,graham,false
20067,grant,false
20069,gray,false
20071,greeley,false
20073,greenwood,false
20075,hamilton,false
20077,harper,false
20079,harvey,false
20081,haskell,false
20083,hodgeman,false
20085,jackson,false
20087,jefferson,false
20089,jewell,false
20091,johnson,false
20093,kearny,false
20095,kingman,false
20097,kiowa,false
20099,labette,false
20101,lane,false
20103,leavenworth,false
20105,lincoln,false
20107,linn,false
20109,logan,false
20111,lyon,false
20115,marion,false
20117,marshall,false
20113,mcpherson,false
20119,meade,false
20121,miami,false
20123,mitchell,false
20125,montgomery,false
20127,morris,false
20129,morton,false
20131,nemaha,false
20133,neosho,false
20135,ness,false
20137,norton,false
20139,osage,false
20141,osborne,false
20143,ottawa,false
20145,pawnee,false
20147,phillips,false
20149,pottawatomie,false
20151,pratt,false
20153,rawlins,false
20155,reno,false
20157,republic,false
20159,rice,false
20161,riley,false
20163,rooks,false
20165,rush,false
20167,russell,false
20169,saline,false
20171,scott,false
20173,sedgwick,false
20175,seward,false
20177,shawnee,false
20179,sheridan,false
20181,sherman,false
20183,smith,false
20185,stafford,false
20187,stanton,false
20189,stevens,false
20191,sumner,false
20193,thomas,false
20195,trego,false
20197,wabaunsee,false
20199,wallace,false
20201,washington,false
20203,wichita,false
20205,wilson,false
20207,woodson,false
21001,adair,false
21003,allen,false
21005,anderson,false
21007,ballard,false
21009,barren,false
21011,bath,false
21013,bell,false
21015,boone,false
21017,bourbon,false
21019,boyd,false
21021,boyle,false
21023,bracken,false
21025,breathitt,false
21027,breckinridge,false
21029,bullitt,false
21031,butler,false
21033,caldwell,false
21035,calloway,false
21037,campbell,false
21039,carlisle,false
21041,carroll,false
21043,carter,false
21045,casey,false
21047,christian,false
21049,clark,false
21051,clay,false
21053,clinton,false
21055,crittenden,false
21057,cumberland,false
21059,daviess,false
21061,edmonson,false
21063,elliott,false
21065,estill,false
21069,fleming,false
21071,floyd,false
21073,franklin,false
21075,fulton,false
21077,gallatin,false
21079,garrard,false
21081,grant,false
21083,graves,false
21085,grayson,false
21087,green,false
21089,greenup,false
21091,hancock,false
21093,hardin,false
21095,harlan,false
21097,harrison,false
21099,hart,false
21101,henderson,false
21103,henry,false
21105,hickman,false
21107,hopkins,false
21109,jackson,false
21113,jessamine,false
21115,johnson,false
21117,kenton,false
21119,knott,false
21121,knox,false
21123,larue,false
21125,laurel,false
21127,lawrence,false
21129,lee,false
21131,leslie,false
21133,letcher,false
21135,lewis,false
21137,lincoln,false
21139,livingston,false
21141,logan,false
21143,lyon,false
21151,madison,1
21153,magoffin,false
21155,marion,false
21157,marshall,false
21159,martin,false
21161,mason,false
21145,mccracken,false
21147,mccreary,false
21149,mclean,false
21163,meade,false
21165,menifee,false
21167,mercer,false
21169,metcalfe,false
21171,monroe,false
21173,montgomery,false
21175,morgan,false
21177,muhlenberg,false
21179,nelson,false
21181,nicholas,false
21183,ohio,false
21185,oldham,false
21187,owen,false
21189,owsley,false
21191,pendleton,false
21193,perry,false
21195,pike,false
21197,powell,false
21199,pulaski,false
21201,robertson,false
21203,rockcastle,false
21205,rowan,false
21207,russell,false
21209,scott,false
21211,shelby,false
21213,simpson,false
21215,spencer,false
21217,taylor,false
21219,todd,false
21221,trigg,false
21223,trimble,false
21225,union,false
21227,warren,false
21229,washington,false
21231,wayne,false
21233,webster,false
21235,whitley,false
21237,wolfe,false
21239,woodford,false
22001,acadia,false
22003,allen,false
22005,ascension,false
22007,assumption,false
22009,avoyelles,false
22011,beauregard,false
22013,bienville,false
22015,bossier,false
22017,caddo,false
22019,calcasieu,false
22021,caldwell,false
22023,cameron,false
22025,catahoula,false
22027,claiborne,false
22029,concordia,false
22031,de soto,false
22033,east baton rouge,false
22035,east carroll,false
22037,east feliciana,false
22039,evangeline,false
22041,franklin,false
22043,grant,false
22045,iberia,false
22047,iberville,false
22049,jackson,false
22051,jefferson,false
22053,jefferson davis,false
22059,la salle,false
22055,lafayette,false
22057,lafourche,false
22061,lincoln,false
22063,livingston,false
22065,madison,false
22067,morehouse,false
22069,natchitoches,false
22073,ouachita,false
22075,plaquemines,false
22077,pointe coupee,false
22079,rapides,false
22081,red river,false
22083,richland,false
22085,sabine,false
22087,st. bernard,false
22089,st. charles,false
22091,st. helena,false
22093,st. james,false
22095,st. john the baptist,false
22097,st. landry,false
22099,st. martin,false
22101,st. mary,false
22103,st. tammany,false
22105,tangipahoa,false
22107,tensas,false
22109,terrebonne,false
22111,union,false
22113,vermilion,false
22115,vernon,false
22117,washington,false
22119,webster,false
22121,west baton rouge,false
22123,west carroll,false
22125,west feliciana,false
22127,winn,false
23001,androscoggin,false
23003,aroostook,false
23005,cumberland,false
23007,franklin,false
23009,hancock,false
23011,kennebec,false
23013,knox,false
23015,lincoln,false
23017,oxford,false
23019,penobscot,false
23021,piscataquis,false
23023,sagadahoc,false
23025,somerset,false
23027,waldo,false
23029,washington,false
23031,york,false
24001,allegany,false
24003,anne arundel,false
24005,baltimore,4
24009,calvert,false
24011,caroline,false
24013,carroll,false
24015,cecil,false
24017,charles,false
24019,dorchester,false
24021,frederick,false
24023,garrett,false
24025,harford,1
24027,howard,false
24029,kent,false
24031,montgomery,false
24033,prince george's,false
24035,queen anne's,false
24039,somerset,false
24037,st. mary's,false
24041,talbot,false
24043,washington,false
24045,wicomico,false
24047,worcester,false
25001,barnstable,false
25005,bristol,false
25007,dukes,false
25021,norfolk,false
25023,plymouth,false
26001,alcona,false
26003,alger,false
26005,allegan,false
26007,alpena,false
26009,antrim,false
26011,arenac,false
26013,baraga,false
26015,barry,false
26017,bay,false
26019,benzie,false
26021,berrien,false
26023,branch,false
26025,calhoun,false
26027,cass,false
26029,charlevoix,false
26031,cheboygan,false
26033,chippewa,false
26035,clare,false
26037,clinton,false
26039,crawford,false
26041,delta,false
26043,dickinson,false
26045,eaton,false
26047,emmet,false
26049,genesee,false
26051,gladwin,false
26053,gogebic,false
26055,grand traverse,false
26057,gratiot,false
26059,hillsdale,false
26061,houghton,false
26063,huron,false
26065,ingham,false
26067,ionia,false
26069,iosco,false
26071,iron,false
26073,isabella,false
26075,jackson,false
26077,kalamazoo,false
26079,kalkaska,false
26081,kent,false
26083,keweenaw,false
26085,lake,false
26087,lapeer,false
26089,leelanau,false
26091,lenawee,false
26093,livingston,false
26095,luce,false
26097,mackinac,false
26099,macomb,false
26101,manistee,false
26103,marquette,false
26105,mason,false
26107,mecosta,false
26109,menominee,false
26111,midland,false
26113,missaukee,false
26115,monroe,false
26117,montcalm,false
26119,montmorency,false
26121,muskegon,false
26123,newaygo,false
26125,oakland,false
26127,oceana,false
26129,ogemaw,false
26131,ontonagon,false
26133,osceola,false
26135,oscoda,false
26137,otsego,false
26139,ottawa,false
26141,presque isle,false
26143,roscommon,false
26145,saginaw,false
26151,sanilac,false
26153,schoolcraft,false
26155,shiawassee,false
26147,st. clair,false
26149,st. joseph,false
26157,tuscola,false
26159,van buren,false
26161,washtenaw,false
26163,wayne,false
26165,wexford,false
27001,aitkin,false
27003,anoka,false
27005,becker,false
27007,beltrami,false
27009,benton,false
27011,big stone,false
27013,blue earth,false
27015,brown,false
27017,carlton,false
27019,carver,false
27021,cass,false
27023,chippewa,false
27025,chisago,false
27027,clay,false
27029,clearwater,false
27031,cook,false
27033,cottonwood,false
27035,crow wing,false
27037,dakota,false
27039,dodge,false
27041,douglas,false
27043,faribault,false
27045,fillmore,false
27047,freeborn,false
27049,goodhue,false
27051,grant,false
27053,hennepin,false
27055,houston,false
27057,hubbard,false
27059,isanti,false
27061,itasca,false
27063,jackson,false
27065,kanabec,false
27067,kandiyohi,false
27069,kittson,false
27071,koochiching,false
27073,lac qui parle,false
27075,lake,false
27077,lake of the woods,false
27079,le sueur,false
27081,lincoln,false
27083,lyon,false
27087,mahnomen,false
27089,marshall,false
27091,martin,false
27085,mcleod,false
27093,meeker,false
27095,mille lacs,false
27097,morrison,false
27099,mower,false
27101,murray,false
27103,nicollet,false
27105,nobles,false
27107,norman,false
27109,olmsted,false
27111,otter tail,false
27113,pennington,false
27115,pine,false
27117,pipestone,false
27119,polk,false
27121,pope,false
27123,ramsey,false
27125,red lake,false
27127,redwood,false
27129,renville,false
27131,rice,false
27133,rock,false
27135,roseau,false
27139,scott,false
27141,sherburne,false
27143,sibley,false
27137,st. louis,false
27145,stearns,false
27147,steele,false
27149,stevens,false
27151,swift,false
27153,todd,false
27155,traverse,false
27157,wabasha,false
27159,wadena,false
27161,waseca,false
27163,washington,false
27165,watonwan,false
27167,wilkin,false
27169,winona,false
27171,wright,false
27173,yellow medicine,false
28001,adams,false
28003,alcorn,false
28005,amite,false
28007,attala,false
28009,benton,false
28011,bolivar,false
28013,calhoun,false
28015,carroll,false
28017,chickasaw,3
28019,choctaw,false
28021,claiborne,false
28023,clarke,false
28025,clay,false
28027,coahoma,false
28029,copiah,1
28031,covington,false
28033,desoto,false
28035,forrest,2
28037,franklin,false
28039,george,false
28041,greene,false
28043,grenada,false
28045,hancock,false
28047,harrison,1
28049,hinds,2
28051,holmes,false
28053,humphreys,false
28055,issaquena,false
28057,itawamba,false
28059,jackson,3
28061,jasper,false
28063,jefferson,false
28065,jefferson davis,false
28067,jones,false
28069,kemper,false
28071,lafayette,false
28073,lamar,false
28075,lauderdale,false
28077,lawrence,false
28079,leake,1
28081,lee,2
28083,leflore,false
28085,lincoln,false
28087,lowndes,false
28089,madison,false
28091,marion,1
28093,marshall,false
28095,monroe,false
28097,montgomery,false
28099,neshoba,false
28101,newton,1
28103,noxubee,false
28105,oktibbeha,false
28107,panola,false
28109,pearl river,false
28111,perry,1
28113,pike,false
28115,pontotoc,false
28117,prentiss,false
28119,quitman,false
28121,rankin,1
28123,scott,1
28125,sharkey,false
28127,simpson,false
28129,smith,false
28131,stone,false
28133,sunflower,false
28135,tallahatchie,false
28137,tate,1
28139,tippah,false
28141,tishomingo,false
28143,tunica,false
28145,union,false
28147,walthall,false
28149,warren,false
28151,washington,false
28153,wayne,false
28155,webster,false
28157,wilkinson,false
28159,winston,false
28161,yalobusha,false
28163,yazoo,false
29001,adair,false
29003,andrew,false
29005,atchison,false
29007,audrain,1
29009,barry,false
29011,barton,false
29013,bates,false
29015,benton,false
29017,bollinger,false
29019,boone,1
29021,buchanan,false
29023,butler,3
29025,caldwell,false
29027,callaway,4
29029,camden,false
29031,cape girardeau,false
29033,carroll,false
29035,carter,false
29037,cass,1
29039,cedar,false
29041,chariton,false
29043,christian,false
29045,clark,false
29047,clay,4
29049,clinton,false
29051,cole,1
29053,cooper,false
29055,crawford,false
29057,dade,false
29059,dallas,false
29061,daviess,false
29063,dekalb,false
29065,dent,false
29067,douglas,false
29069,dunklin,false
29071,franklin,1
29073,gasconade,false
29075,gentry,false
29077,greene,false
29079,grundy,false
29081,harrison,false
29083,henry,false
29085,hickory,false
29087,holt,false
29089,howard,false
29091,howell,false
29093,iron,false
29095,jackson,7
29097,jasper,false
29099,jefferson,4
29101,johnson,false
29103,knox,false
29105,laclede,false
29107,lafayette,2
29109,lawrence,false
29111,lewis,false
29113,lincoln,false
29115,linn,false
29117,livingston,false
29121,macon,false
29123,madison,false
29125,maries,false
29127,marion,1
29119,mcdonald,1
29129,mercer,false
29131,miller,false
29133,mississippi,false
29135,moniteau,1
29137,monroe,false
29139,montgomery,false
29141,morgan,false
29143,new madrid,false
29145,newton,false
29147,nodaway,false
29149,oregon,false
29151,osage,false
29153,ozark,false
29155,pemiscot,false
29157,perry,1
29159,pettis,false
29161,phelps,false
29163,pike,false
29165,platte,1
29167,polk,false
29169,pulaski,false
29171,putnam,false
29173,ralls,false
29175,randolph,1
29177,ray,false
29179,reynolds,false
29181,ripley,false
29195,saline,false
29197,schuyler,2
29199,scotland,false
29201,scott,false
29203,shannon,false
29205,shelby,false
29183,st. charles,3
29185,st. clair,false
29187,st. francois,2
29189,st. louis,14
29186,ste. genevieve,false
29207,stoddard,false
29209,stone,false
29211,sullivan,false
29213,taney,false
29215,texas,false
29217,vernon,false
29219,warren,2
29221,washington,3
29223,wayne,false
29225,webster,false
29227,worth,false
29229,wright,false
30001,beaverhead,false
30003,big horn,false
30005,blaine,false
30007,broadwater,false
30009,carbon,false
30011,carter,false
30013,cascade,false
30015,chouteau,false
30017,custer,false
30019,daniels,false
30021,dawson,false
30025,fallon,false
30027,fergus,false
30029,flathead,false
30031,gallatin,false
30033,garfield,false
30035,glacier,false
30037,golden valley,false
30039,granite,false
30041,hill,false
30043,jefferson,false
30045,judith basin,false
30047,lake,false
30049,lewis and clark,false
30051,liberty,false
30053,lincoln,false
30057,madison,false
30055,mccone,false
30059,meagher,false
30061,mineral,false
30063,missoula,false
30065,musselshell,false
30067,park,false
30069,petroleum,false
30071,phillips,false
30073,pondera,1
30075,powder river,false
30077,powell,false
30079,prairie,false
30081,ravalli,false
30083,richland,false
30085,roosevelt,false
30087,rosebud,false
30089,sanders,false
30091,sheridan,false
30095,stillwater,false
30097,sweet grass,false
30099,teton,false
30101,toole,false
30103,treasure,false
30105,valley,false
30107,wheatland,false
30109,wibaux,false
30111,yellowstone,1
31001,adams,false
31003,antelope,false
31005,arthur,false
31007,banner,false
31009,blaine,false
31011,boone,false
31013,box butte,false
31015,boyd,false
31017,brown,false
31019,buffalo,false
31021,burt,false
31023,butler,false
31025,cass,false
31027,cedar,false
31029,chase,false
31031,cherry,false
31033,cheyenne,false
31035,clay,false
31037,colfax,false
31039,cuming,false
31041,custer,false
31043,dakota,false
31045,dawes,false
31047,dawson,false
31049,deuel,false
31051,dixon,false
31053,dodge,false
31055,douglas,1
31057,dundy,false
31059,fillmore,false
31061,franklin,false
31063,frontier,false
31065,furnas,false
31067,gage,false
31069,garden,false
31071,garfield,false
31073,gosper,false
31075,grant,false
31077,greeley,false
31079,hall,false
31081,hamilton,false
31083,harlan,false
31085,hayes,false
31087,hitchcock,false
31089,holt,false
31091,hooker,false
31093,howard,false
31095,jefferson,false
31097,johnson,false
31099,kearney,false
31101,keith,false
31103,keya paha,false
31105,kimball,false
31107,knox,false
31109,lancaster,1
31111,lincoln,false
31113,logan,false
31115,loup,false
31119,madison,false
31117,mcpherson,false
31121,merrick,false
31123,morrill,false
31125,nance,false
31127,nemaha,false
31129,nuckolls,false
31131,otoe,false
31133,pawnee,false
31135,perkins,false
31137,phelps,false
31139,pierce,false
31141,platte,false
31143,polk,false
31145,red willow,false
31147,richardson,false
31149,rock,false
31151,saline,false
31153,sarpy,1
31155,saunders,false
31157,scotts bluff,false
31159,seward,false
31161,sheridan,false
31163,sherman,false
31165,sioux,false
31167,stanton,false
31169,thayer,false
31171,thomas,false
31173,thurston,false
31175,valley,false
31177,washington,false
31179,wayne,false
31181,webster,false
31183,wheeler,false
31185,york,false
32001,churchill,false
32003,clark,8
32005,douglas,false
32007,elko,false
32009,esmeralda,false
32011,eureka,false
32013,humboldt,false
32015,lander,false
32017,lincoln,false
32019,lyon,false
32021,mineral,false
32023,nye,false
32027,pershing,false
32029,storey,false
32031,washoe,4
32033,white pine,false
33001,belknap,false
33003,carroll,false
33005,cheshire,false
33007,coos,false
33009,grafton,false
33011,hillsborough,false
33013,merrimack,false
33015,rockingham,false
33017,strafford,false
33019,sullivan,false
34001,atlantic,false
34003,bergen,false
34005,burlington,false
34007,camden,false
34009,cape may,false
34011,cumberland,false
34013,essex,false
34015,gloucester,false
34017,hudson,false
34019,hunterdon,false
34021,mercer,false
34023,middlesex,false
34025,monmouth,false
34027,morris,false
34029,ocean,false
34031,passaic,false
34033,salem,false
34035,somerset,false
34037,sussex,false
34039,union,false
34041,warren,false
35001,bernalillo,false
35003,catron,false
35005,chaves,false
35006,cibola,false
35007,colfax,false
35009,curry,false
35011,de baca,false
35013,doÂ±a ana,false
35015,eddy,false
35017,grant,1
35019,guadalupe,false
35021,harding,false
35023,hidalgo,false
35025,lea,false
35027,lincoln,false
35028,los alamos,false
35029,luna,false
35031,mckinley,false
35033,mora,false
35035,otero,false
35037,quay,false
35039,rio arriba,false
35041,roosevelt,false
35045,san juan,false
35047,san miguel,false
35043,sandoval,false
35049,santa fe,false
35051,sierra,false
35053,socorro,false
35055,taos,false
35057,torrance,false
35059,union,false
35061,valencia,false
36001,albany,false
36003,allegany,false
36007,broome,false
36009,cattaraugus,false
36011,cayuga,false
36013,chautauqua,false
36015,chemung,false
36017,chenango,false
36019,clinton,false
36021,columbia,false
36023,cortland,false
36025,delaware,false
36027,dutchess,false
36029,erie,false
36031,essex,false
36033,franklin,false
36035,fulton,false
36037,genesee,false
36039,greene,false
36041,hamilton,false
36043,herkimer,false
36045,jefferson,false
36049,lewis,false
36051,livingston,false
36053,madison,false
36055,monroe,false
36057,montgomery,false
36059,nassau,false
36063,niagara,false
36065,oneida,false
36067,onondaga,false
36069,ontario,false
36071,orange,false
36073,orleans,false
36075,oswego,false
36077,otsego,false
36079,putnam,false
36083,rensselaer,false
36087,rockland,false
36091,saratoga,false
36093,schenectady,false
36095,schoharie,false
36097,schuyler,false
36099,seneca,false
36089,st. lawrence,false
36101,steuben,false
36103,suffolk,false
36105,sullivan,false
36107,tioga,false
36109,tompkins,false
36111,ulster,false
36113,warren,false
36115,washington,false
36117,wayne,false
36119,westchester,false
36121,wyoming,false
36123,yates,false
37001,alamance,1
37003,alexander,false
37005,alleghany,false
37007,anson,false
37009,ashe,false
37011,avery,false
37013,beaufort,false
37015,bertie,false
37017,bladen,false
37019,brunswick,false
37021,buncombe,1
37023,burke,false
37025,cabarrus,1
37027,caldwell,false
37029,camden,false
37031,carteret,false
37033,caswell,false
37035,catawba,1
37037,chatham,false
37039,cherokee,false
37041,chowan,false
37043,clay,false
37045,cleveland,1
37047,columbus,false
37049,craven,false
37051,cumberland,1
37053,currituck,false
37055,dare,false
37057,davidson,1
37059,davie,false
37061,duplin,1
37063,durham,false
37065,edgecombe,1
37067,forsyth,4
37069,franklin,false
37071,gaston,false
37073,gates,false
37075,graham,false
37077,granville,false
37079,greene,1
37081,guilford,false
37083,halifax,1
37085,harnett,false
37087,haywood,2
37089,henderson,false
37091,hertford,false
37093,hoke,false
37095,hyde,false
37097,iredell,1
37099,jackson,false
37101,johnston,false
37103,jones,false
37105,lee,false
37107,lenoir,false
37109,lincoln,false
37113,macon,false
37115,madison,false
37117,martin,1
37111,mcdowell,1
37119,mecklenburg,5
37121,mitchell,false
37123,montgomery,false
37125,moore,false
37127,nash,false
37129,new hanover,false
37131,northampton,1
37133,onslow,false
37135,orange,false
37137,pamlico,false
37139,pasquotank,false
37141,pender,false
37143,perquimans,false
37145,person,false
37147,pitt,3
37149,polk,false
37151,randolph,false
37153,richmond,false
37155,robeson,2
37157,rockingham,3
37159,rowan,false
37161,rutherford,1
37163,sampson,false
37165,scotland,false
37167,stanly,false
37169,stokes,false
37171,surry,3
37173,swain,false
37175,transylvania,false
37177,tyrrell,false
37179,union,1
37181,vance,false
37183,wake,3
37185,warren,false
37187,washington,false
37189,watauga,false
37191,wayne,false
37193,wilkes,false
37195,wilson,false
37197,yadkin,1
37199,yancey,false
38001,adams,false
38003,barnes,false
38005,benson,false
38007,billings,false
38009,bottineau,false
38011,bowman,false
38013,burke,false
38015,burleigh,false
38017,cass,false
38019,cavalier,false
38021,dickey,false
38023,divide,false
38025,dunn,false
38027,eddy,false
38029,emmons,false
38031,foster,false
38033,golden valley,false
38035,grand forks,false
38037,grant,false
38039,griggs,false
38041,hettinger,false
38043,kidder,false
38045,lamoure,false
38047,logan,false
38049,mchenry,false
38051,mcintosh,false
38053,mckenzie,false
38055,mclean,false
38057,mercer,false
38059,morton,false
38061,mountrail,false
38063,nelson,false
38065,oliver,false
38067,pembina,false
38069,pierce,false
38071,ramsey,false
38073,ransom,false
38075,renville,false
38077,richland,false
38079,rolette,false
38081,sargent,false
38083,sheridan,false
38085,sioux,false
38087,slope,false
38089,stark,false
38091,steele,false
38093,stutsman,false
38095,towner,false
38097,traill,false
38099,walsh,false
38101,ward,false
38103,wells,false
38105,williams,false
39001,adams,false
39003,allen,false
39005,ashland,false
39007,ashtabula,false
39009,athens,false
39011,auglaize,false
39013,belmont,1
39015,brown,false
39017,butler,1
39019,carroll,false
39021,champaign,false
39023,clark,false
39025,clermont,false
39027,clinton,false
39029,columbiana,false
39031,coshocton,false
39033,crawford,false
39035,cuyahoga,8
39037,darke,false
39039,defiance,false
39041,delaware,false
39043,erie,false
39045,fairfield,false
39047,fayette,false
39049,franklin,2
39051,fulton,false
39053,gallia,false
39055,geauga,false
39057,greene,1
39059,guernsey,false
39061,hamilton,10
39063,hancock,false
39065,hardin,false
39067,harrison,false
39069,henry,false
39071,highland,false
39073,hocking,false
39075,holmes,false
39077,huron,false
39079,jackson,false
39081,jefferson,false
39083,knox,false
39085,lake,2
39087,lawrence,false
39089,licking,1
39091,logan,false
39093,lorain,2
39095,lucas,4
39097,madison,false
39099,mahoning,2
39101,marion,false
39103,medina,false
39105,meigs,false
39107,mercer,false
39109,miami,false
39111,monroe,false
39113,montgomery,3
39115,morgan,false
39117,morrow,false
39119,muskingum,false
39121,noble,false
39123,ottawa,false
39125,paulding,false
39127,perry,false
39129,pickaway,false
39131,pike,false
39133,portage,1
39135,preble,1
39137,putnam,false
39139,richland,2
39141,ross,false
39143,sandusky,false
39145,scioto,false
39147,seneca,false
39149,shelby,false
39151,stark,false
39153,summit,6
39155,trumbull,3
39157,tuscarawas,false
39159,union,false
39161,van wert,false
39163,vinton,false
39165,warren,1
39167,washington,false
39169,wayne,1
39171,williams,false
39173,wood,1
39175,wyandot,false
40001,adair,false
40003,alfalfa,false
40005,atoka,false
40007,beaver,false
40009,beckham,1
40011,blaine,false
40013,bryan,false
40015,caddo,false
40017,canadian,3
40019,carter,2
40021,cherokee,false
40023,choctaw,false
40025,cimarron,false
40027,cleveland,4
40029,coal,1
40031,comanche,6
40033,cotton,false
40035,craig,false
40037,creek,1
40039,custer,false
40041,delaware,false
40043,dewey,false
40045,ellis,false
40047,garfield,false
40049,garvin,1
40051,grady,3
40053,grant,false
40055,greer,1
40057,harmon,false
40059,harper,false
40061,haskell,false
40063,hughes,false
40065,jackson,1
40067,jefferson,false
40069,johnston,false
40071,kay,2
40073,kingfisher,false
40075,kiowa,false
40077,latimer,false
40079,le flore,2
40081,lincoln,false
40083,logan,false
40085,love,false
40093,major,false
40095,marshall,false
40097,mayes,1
40087,mcclain,1
40089,mccurtain,1
40091,mcintosh,2
40099,murray,false
40101,muskogee,4
40103,noble,2
40105,nowata,false
40107,okfuskee,false
40109,oklahoma,40
40111,okmulgee,false
40113,osage,1
40115,ottawa,1
40117,pawnee,false
40119,payne,1
40121,pittsburg,false
40123,pontotoc,false
40125,pottawatomie,3
40127,pushmataha,false
40129,roger mills,1
40131,rogers,false
40133,seminole,1
40135,sequoyah,2
40137,stephens,3
40139,texas,false
40141,tillman,1
40143,tulsa,17
40145,wagoner,false
40147,washington,false
40149,washita,false
40151,woods,false
40153,woodward,false
41001,baker,false
41003,benton,false
41005,clackamas,false
41007,clatsop,false
41009,columbia,false
41011,coos,false
41013,crook,false
41015,curry,false
41017,deschutes,false
41019,douglas,false
41021,gilliam,false
41023,grant,false
41025,harney,false
41027,hood river,false
41029,jackson,false
41031,jefferson,false
41033,josephine,false
41035,klamath,false
41037,lake,false
41039,lane,false
41041,lincoln,false
41043,linn,false
41045,malheur,false
41047,marion,1
41049,morrow,false
41051,multnomah,false
41053,polk,false
41055,sherman,false
41057,tillamook,false
41059,umatilla,false
41061,union,false
41063,wallowa,false
41065,wasco,1
41067,washington,false
41069,wheeler,false
41071,yamhill,false
42001,adams,false
42003,allegheny,false
42005,armstrong,false
42007,beaver,false
42009,bedford,false
42011,berks,false
42013,blair,false
42015,bradford,false
42017,bucks,false
42019,butler,false
42021,cambria,false
42023,cameron,false
42025,carbon,false
42027,centre,false
42029,chester,false
42031,clarion,false
42033,clearfield,false
42035,clinton,false
42037,columbia,false
42039,crawford,false
42041,cumberland,false
42043,dauphin,1
42045,delaware,false
42047,elk,false
42049,erie,false
42051,fayette,false
42053,forest,false
42055,franklin,false
42057,fulton,false
42059,greene,false
42061,huntingdon,false
42063,indiana,false
42065,jefferson,false
42067,juniata,false
42069,lackawanna,false
42071,lancaster,false
42073,lawrence,false
42075,lebanon,false
42077,lehigh,false
42079,luzerne,false
42081,lycoming,false
42083,mckean,false
42085,mercer,false
42087,mifflin,false
42089,monroe,false
42091,montgomery,1
42093,montour,false
42095,northampton,false
42097,northumberland,false
42099,perry,false
42103,pike,false
42105,potter,false
42107,schuylkill,false
42109,snyder,false
42111,somerset,false
42113,sullivan,false
42115,susquehanna,false
42117,tioga,false
42119,union,false
42121,venango,false
42123,warren,false
42125,washington,false
42127,wayne,false
42129,westmoreland,false
42131,wyoming,false
42133,york,false
45001,abbeville,false
45003,aiken,4
45005,allendale,false
45007,anderson,2
45009,bamberg,false
45011,barnwell,false
45013,beaufort,2
45015,berkeley,1
45017,calhoun,1
45019,charleston,8
45021,cherokee,false
45023,chester,false
45025,chesterfield,false
45027,clarendon,false
45029,colleton,false
45031,darlington,false
45033,dillon,false
45035,dorchester,2
45037,edgefield,1
45039,fairfield,false
45041,florence,false
45043,georgetown,1
45045,greenville,3
45047,greenwood,false
45049,hampton,false
45051,horry,1
45053,jasper,2
45055,kershaw,false
45057,lancaster,1
45059,laurens,false
45061,lee,false
45063,lexington,4
45067,marion,false
45069,marlboro,false
45065,mccormick,false
45071,newberry,false
45073,oconee,false
45075,orangeburg,1
45077,pickens,false
45079,richland,4
45081,saluda,false
45083,spartanburg,2
45085,sumter,false
45087,union,false
45089,williamsburg,1
45091,york,2
46003,aurora,false
46005,beadle,false
46007,bennett,false
46009,bon homme,false
46011,brookings,false
46013,brown,false
46015,brule,false
46017,buffalo,false
46019,butte,false
46021,campbell,false
46023,charles mix,false
46025,clark,false
46027,clay,false
46029,codington,false
46031,corson,false
46033,custer,false
46035,davison,false
46037,day,false
46039,deuel,false
46041,dewey,false
46043,douglas,false
46045,edmunds,false
46047,fall river,false
46049,faulk,false
46051,grant,false
46053,gregory,false
46055,haakon,false
46057,hamlin,false
46059,hand,false
46061,hanson,false
46063,harding,false
46065,hughes,false
46067,hutchinson,false
46069,hyde,false
46071,jackson,false
46073,jerauld,false
46075,jones,false
46077,kingsbury,false
46079,lake,false
46081,lawrence,1
46083,lincoln,false
46085,lyman,false
46091,marshall,false
46087,mccook,false
46089,mcpherson,false
46093,meade,false
46095,mellette,false
46097,miner,false
46099,minnehaha,2
46101,moody,false
46103,pennington,false
46105,perkins,false
46107,potter,false
46109,roberts,false
46111,sanborn,false
46113,shannon,false
46115,spink,false
46117,stanley,false
46119,sully,false
46121,todd,false
46123,tripp,false
46125,turner,false
46127,union,false
46129,walworth,false
46135,yankton,false
46137,ziebach,false
47001,anderson,false
47003,bedford,1
47005,benton,false
47007,bledsoe,false
47009,blount,false
47011,bradley,false
47013,campbell,false
47015,cannon,false
47017,carroll,false
47019,carter,false
47021,cheatham,false
47023,chester,false
47025,claiborne,false
47027,clay,false
47029,cocke,false
47031,coffee,false
47033,crockett,false
47035,cumberland,false
47039,decatur,false
47041,dekalb,false
47043,dickson,false
47045,dyer,false
47047,fayette,false
47049,fentress,false
47051,franklin,false
47053,gibson,false
47055,giles,false
47057,grainger,false
47059,greene,false
47061,grundy,false
47063,hamblen,false
47065,hamilton,false
47067,hancock,false
47069,hardeman,false
47071,hardin,false
47073,hawkins,false
47075,haywood,false
47077,henderson,false
47079,henry,false
47081,hickman,false
47083,houston,false
47085,humphreys,false
47087,jackson,1
47089,jefferson,false
47091,johnson,false
47093,knox,false
47095,lake,false
47097,lauderdale,false
47099,lawrence,false
47101,lewis,false
47103,lincoln,false
47105,loudon,false
47111,macon,false
47113,madison,false
47115,marion,false
47117,marshall,false
47119,maury,false
47107,mcminn,false
47109,mcnairy,false
47121,meigs,false
47123,monroe,false
47125,montgomery,false
47129,morgan,false
47131,obion,false
47133,overton,false
47135,perry,false
47137,pickett,false
47139,polk,false
47141,putnam,false
47143,rhea,false
47145,roane,false
47147,robertson,false
47149,rutherford,false
47151,scott,false
47153,sequatchie,false
47155,sevier,false
47157,shelby,2
47159,smith,false
47161,stewart,false
47163,sullivan,false
47165,sumner,false
47167,tipton,false
47171,unicoi,false
47173,union,false
47175,van buren,false
47177,warren,false
47179,washington,false
47181,wayne,false
47183,weakley,1
47185,white,false
47187,williamson,false
47189,wilson,false
48001,anderson,4
48003,andrews,false
48005,angelina,false
48007,aransas,1
48009,archer,false
48011,armstrong,false
48013,atascosa,1
48015,austin,false
48017,bailey,1
48019,bandera,1
48021,bastrop,1
48023,baylor,false
48025,bee,false
48027,bell,3
48029,bexar,37
48031,blanco,false
48033,borden,false
48035,bosque,false
48037,bowie,5
48039,brazoria,4
48041,brazos,12
48043,brewster,false
48045,briscoe,false
48047,brooks,false
48049,brown,1
48051,burleson,false
48053,burnet,false
48055,caldwell,1
48057,calhoun,false
48059,callahan,false
48061,cameron,6
48063,camp,false
48065,carson,false
48067,cass,false
48069,castro,false
48071,chambers,1
48073,cherokee,3
48075,childress,false
48077,clay,1
48079,cochran,false
48081,coke,false
48083,coleman,false
48085,collin,5
48087,collingsworth,false
48089,colorado,false
48091,comal,2
48093,comanche,false
48095,concho,false
48097,cooke,false
48099,coryell,1
48101,cottle,false
48103,crane,false
48105,crockett,false
48107,crosby,false
48109,culberson,false
48111,dallam,false
48113,dallas,53
48115,dawson,1
48117,deaf smith,false
48119,delta,false
48121,denton,5
48123,dewitt,false
48125,dickens,false
48127,dimmit,false
48129,donley,false
48131,duval,false
48133,eastland,false
48135,ector,1
48137,edwards,false
48141,el paso,5
48139,ellis,1
48143,erath,false
48145,falls,false
48147,fannin,false
48149,fayette,false
48151,fisher,false
48153,floyd,false
48155,foard,false
48157,fort bend,3
48159,franklin,false
48161,freestone,1
48163,frio,false
48165,gaines,false
48167,galveston,6
48169,garza,false
48171,gillespie,false
48173,glasscock,false
48175,goliad,false
48177,gonzales,false
48179,gray,false
48181,grayson,2
48183,gregg,5
48185,grimes,false
48187,guadalupe,false
48189,hale,2
48191,hall,false
48193,hamilton,1
48195,hansford,false
48197,hardeman,false
48199,hardin,1
48201,harris,121
48203,harrison,1
48205,hartley,false
48207,haskell,false
48209,hays,2
48211,hemphill,false
48213,henderson,2
48215,hidalgo,3
48217,hill,false
48219,hockley,false
48221,hood,false
48223,hopkins,1
48225,houston,false
48227,howard,false
48229,hudspeth,false
48231,hunt,3
48233,hutchinson,1
48235,irion,false
48237,jack,false
48239,jackson,false
48241,jasper,1
48243,jeff davis,false
48245,jefferson,15
48247,jim hogg,false
48249,jim wells,false
48251,johnson,2
48253,jones,1
48255,karnes,false
48257,kaufman,1
48259,kendall,false
48261,kenedy,false
48263,kent,false
48265,kerr,3
48267,kimble,false
48269,king,false
48271,kinney,false
48273,kleberg,1
48275,knox,false
48283,la salle,false
48277,lamar,2
48279,lamb,false
48281,lampasas,false
48285,lavaca,false
48287,lee,false
48289,leon,2
48291,liberty,3
48293,limestone,false
48295,lipscomb,false
48297,live oak,1
48299,llano,1
48301,loving,false
48303,lubbock,10
48305,lynn,false
48313,madison,false
48315,marion,false
48317,martin,false
48319,mason,false
48321,matagorda,3
48323,maverick,false
48307,mcculloch,false
48309,mclennan,8
48311,mcmullen,false
48325,medina,false
48327,menard,false
48329,midland,false
48331,milam,false
48333,mills,false
48335,mitchell,1
48337,montague,false
48339,montgomery,16
48341,moore,false
48343,morris,1
48345,motley,false
48347,nacogdoches,1
48349,navarro,6
48351,newton,1
48353,nolan,false
48355,nueces,12
48357,ochiltree,1
48359,oldham,false
48361,orange,1
48363,palo pinto,false
48365,panola,false
48367,parker,2
48369,parmer,false
48371,pecos,2
48373,polk,2
48375,potter,11
48377,presidio,false
48379,rains,false
48381,randall,3
48383,reagan,false
48385,real,false
48387,red river,2
48389,reeves,false
48391,refugio,2
48393,roberts,false
48395,robertson,false
48397,rockwall,false
48399,runnels,false
48401,rusk,false
48403,sabine,1
48405,san augustine,false
48407,san jacinto,1
48409,san patricio,1
48411,san saba,false
48413,schleicher,false
48415,scurry,1
48417,shackelford,false
48419,shelby,1
48421,sherman,false
48423,smith,10
48425,somervell,false
48427,starr,false
48429,stephens,false
48431,sterling,false
48433,stonewall,false
48435,sutton,false
48437,swisher,false
48439,tarrant,37
48441,taylor,5
48443,terrell,false
48445,terry,false
48447,throckmorton,false
48449,titus,false
48451,tom green,3
48453,travis,8
48455,trinity,1
48457,tyler,false
48459,upshur,1
48461,upton,false
48463,uvalde,false
48465,val verde,1
48467,van zandt,false
48469,victoria,2
48471,walker,2
48473,waller,false
48475,ward,false
48477,washington,false
48479,webb,false
48481,wharton,false
48483,wheeler,false
48485,wichita,2
48487,wilbarger,2
48489,willacy,false
48491,williamson,3
48493,wilson,false
48495,winkler,false
48497,wise,false
48499,wood,1
48501,yoakum,false
48503,young,false
48505,zapata,false
48507,zavala,false
49001,beaver,false
49003,box elder,false
49005,cache,false
49007,carbon,false
49009,daggett,false
49011,davis,false
49013,duchesne,false
49015,emery,false
49017,garfield,false
49019,grand,false
49021,iron,1
49023,juab,false
49025,kane,false
49027,millard,false
49029,morgan,false
49031,piute,false
49033,rich,false
49035,salt lake,2
49037,san juan,false
49039,sanpete,false
49041,sevier,false
49043,summit,false
49045,tooele,false
49047,uintah,false
49049,utah,1
49051,wasatch,false
49053,washington,false
49055,wayne,false
49057,weber,3
50001,addison,false
50003,bennington,false
50005,caledonia,false
50007,chittenden,false
50009,essex,false
50011,franklin,false
50013,grand isle,false
50015,lamoille,false
50017,orange,false
50019,orleans,false
50021,rutland,false
50023,washington,false
50025,windham,false
50027,windsor,false
51001,accomack,1
51003,albemarle,false
51005,alleghany,false
51007,amelia,false
51009,amherst,1
51011,appomattox,1
51013,arlington,3
51015,augusta,2
51017,bath,false
51019,bedford,3
51021,bland,false
51023,botetourt,false
51025,brunswick,2
51027,buchanan,1
51029,buckingham,false
51031,campbell,false
51033,caroline,false
51035,carroll,false
51036,charles city,1
51037,charlotte,false
51041,chesterfield,8
51043,clarke,false
51045,craig,false
51047,culpeper,false
51049,cumberland,false
51051,dickenson,false
51053,dinwiddie,false
51057,essex,false
51059,fairfax,5
51061,fauquier,false
51063,floyd,false
51065,fluvanna,false
51067,franklin,2
51069,frederick,1
51071,giles,false
51073,gloucester,false
51075,goochland,false
51077,grayson,false
51079,greene,1
51081,greensville,false
51083,halifax,2
51085,hanover,false
51087,henrico,2
51089,henry,false
51091,highland,false
51093,isle of wight,false
51095,james city,false
51097,king and queen,false
51099,king george,1
51101,king william,false
51103,lancaster,false
51105,lee,false
51107,loudoun,false
51109,louisa,false
51111,lunenburg,false
51113,madison,false
51115,mathews,false
51117,mecklenburg,2
51119,middlesex,1
51121,montgomery,2
51125,nelson,false
51127,new kent,false
51131,northampton,1
51133,northumberland,false
51135,nottoway,false
51137,orange,false
51139,page,1
51141,patrick,1
51143,pittsylvania,5
51145,powhatan,false
51147,prince edward,false
51149,prince george,2
51153,prince william,9
51155,pulaski,false
51157,rappahannock,false
51159,richmond,4
51161,roanoke,2
51163,rockbridge,false
51165,rockingham,false
51167,russell,false
51169,scott,false
51171,shenandoah,false
51173,smyth,2
51175,southampton,1
51177,spotsylvania,false
51179,stafford,false
51181,surry,false
51183,sussex,false
51185,tazewell,false
51187,warren,1
51191,washington,false
51193,westmoreland,false
51195,wise,1
51197,wythe,false
51199,york,2
53001,adams,false
53003,asotin,false
53005,benton,1
53007,chelan,false
53009,clallam,false
53011,clark,1
53013,columbia,false
53015,cowlitz,false
53017,douglas,false
53019,ferry,false
53021,franklin,false
53023,garfield,false
53025,grant,false
53027,grays harbor,false
53029,island,false
53031,jefferson,false
53033,king,1
53035,kitsap,false
53037,kittitas,false
53039,klickitat,false
53041,lewis,false
53043,lincoln,false
53045,mason,false
53047,okanogan,false
53049,pacific,false
53051,pend oreille,false
53053,pierce,false
53055,san juan,false
53057,skagit,false
53059,skamania,false
53061,snohomish,2
53063,spokane,false
53065,stevens,false
53067,thurston,false
53069,wahkiakum,false
53071,walla walla,false
53073,whatcom,false
53075,whitman,false
53077,yakima,false
54001,barbour,false
54003,berkeley,false
54005,boone,false
54007,braxton,false
54009,brooke,false
54011,cabell,false
54013,calhoun,false
54015,clay,false
54017,doddridge,false
54019,fayette,false
54021,gilmer,false
54023,grant,false
54025,greenbrier,false
54027,hampshire,false
54029,hancock,false
54031,hardy,false
54033,harrison,false
54035,jackson,false
54037,jefferson,false
54039,kanawha,false
54041,lewis,false
54043,lincoln,false
54045,logan,false
54049,marion,false
54051,marshall,false
54053,mason,false
54047,mcdowell,false
54055,mercer,false
54057,mineral,false
54059,mingo,false
54061,monongalia,false
54063,monroe,false
54065,morgan,false
54067,nicholas,false
54069,ohio,false
54071,pendleton,false
54073,pleasants,false
54075,pocahontas,false
54077,preston,false
54079,putnam,false
54081,raleigh,false
54083,randolph,false
54085,ritchie,false
54087,roane,false
54089,summers,false
54091,taylor,false
54093,tucker,false
54095,tyler,false
54097,upshur,false
54099,wayne,false
54101,webster,false
54103,wetzel,false
54105,wirt,false
54107,wood,false
54109,wyoming,false
55001,adams,false
55003,ashland,false
55005,barron,false
55007,bayfield,false
55009,brown,false
55011,buffalo,false
55013,burnett,false
55015,calumet,false
55017,chippewa,false
55019,clark,false
55021,columbia,false
55023,crawford,false
55025,dane,false
55027,dodge,false
55029,door,false
55031,douglas,false
55033,dunn,false
55035,eau claire,false
55037,florence,false
55039,fond du lac,false
55041,forest,false
55043,grant,false
55045,green,false
55047,green lake,false
55049,iowa,false
55051,iron,false
55053,jackson,false
55055,jefferson,false
55057,juneau,false
55059,kenosha,false
55061,kewaunee,false
55063,la crosse,false
55065,lafayette,false
55067,langlade,false
55069,lincoln,false
55071,manitowoc,false
55073,marathon,false
55075,marinette,false
55077,marquette,false
55078,menominee,false
55079,milwaukee,false
55081,monroe,false
55083,oconto,false
55085,oneida,false
55087,outagamie,false
55089,ozaukee,false
55091,pepin,false
55093,pierce,false
55095,polk,false
55097,portage,false
55099,price,false
55101,racine,false
55103,richland,false
55105,rock,false
55107,rusk,false
55111,sauk,false
55113,sawyer,false
55115,shawano,false
55117,sheboygan,false
55109,st. croix,false
55119,taylor,false
55121,trempealeau,false
55123,vernon,false
55125,vilas,false
55127,walworth,false
55129,washburn,false
55131,washington,false
55133,waukesha,false
55135,waupaca,false
55137,waushara,false
55139,winnebago,false
55141,wood,false
56001,albany,false
56003,big horn,false
56005,campbell,false
56007,carbon,false
56009,converse,false
56011,crook,false
56013,fremont,false
56015,goshen,false
56017,hot springs,false
56019,johnson,false
56021,laramie,false
56023,lincoln,false
56025,natrona,false
56027,niobrara,false
56029,park,false
56031,platte,false
56033,sheridan,false
56035,sublette,false
56037,sweetwater,false
56039,teton,false
56041,uinta,1
56043,washakie,false
56045,weston,false
